{
    "accuracy": 0.9594594594594594,
    "precision": 0.9473684210526315,
    "recall": 0.972972972972973,
    "f1_score": 0.96,
    "confusion_matrix": [
        [
            35,
            2
        ],
        [
            1,
            36
        ]
    ]
}